equipment_ID,anomaly_status,anomaly_count,risk_status,risk_count,risk_level,average_production,average_downtime,average_idle,average_performance_loss,average_health_score,rca_result
s_1,ANOMALY DETECTED,421,RISK DETECTED,378,LOW,0.6325478319986719,0.1595151755282708,0.03571024783004246,0.11156098648563229,99.69321359015605,"Machine:
s_1

Incident Summary:
The machine s_1 is exhibiting fluctuating operational performance characterized by high variance in production rates and recurring cycles of downtime. While the most recent risk prediction indicates a ""LOW"" risk level, the system has flagged an anomalous state across multiple intervals, suggesting instability in the packaging process.

Observed Evidence:
- **Production Volatility:** Production percentages show significant swings, ranging from ~22% to ~88% in recent intervals.
- **Downtime Patterns:** Downtime percentages are notably high, peaking at ~52.38% (08:00:00) and ~50.36% (06:00:00).
- **Operational Transitions:** Frequent changes are recorded, with peaks of 21 changes observed at 06:00:00 and 19 changes at 13:00:00.
- **Health Score:** The health score remains high (near 99.3 - 99.9 range) despite the observed fluctuations in production and downtime.
- **Anomaly Detection:** Anomaly prediction flags have been triggered, though the system classifies the current risk as ""LOW"".

Anomaly Status:
ANOMALY DETECTED

Risk Status:
RISK DETECTED

Possible Root Cause:
(Hypotheses)
1. **Frequent Changeovers/Transitions:** The high number of ""#changes"" indicates possible frequent product or process changeovers, which are naturally associated with reduced production and increased downtime/idle time.
2. **Operational Instability:** The inverse relationship between production and downtime in several intervals suggests an ongoing operational issue rather than a singular mechanical failure.
3. **Buffer/Wait Conditions:** High idle/downtime transitions suggest the machine may be waiting on upstream or downstream synchronization.

Supporting Evidence:
- Machine manual content states that ""a high number of changes may be associated with product changeovers, process changes, or operational transitions.""
- Operational data shows a correlation between high change counts and shifts in production efficiency.
- Maintenance guidelines specify that ""low production does not automatically mean equipment failure"" and suggests investigating operational changes.

Confidence:
Moderate (Evidence points toward operational/transition issues rather than hardware failure, but data density is insufficient to confirm a specific mechanical component failure).

Recommended Investigation:
1. Review the production schedule for machine s_1 to verify if the high number of recorded ""changes"" aligns with planned product changeovers.
2. Analyze the specific nature of the idle time intervals to determine if the machine is waiting for materials or secondary equipment.
3. Cross-reference the timestamps of the detected anomalies with logs of manual operator interventions.

Recommended Action:
- Coordinate with production planning to confirm if the observed operational volatility is a byproduct of high-frequency SKU changes.
- Monitor the machine for any new alarm codes that correlate with the downtime spikes.
- Do not initiate hardware disassembly at this time, as current data indicates potential operational rather than mechanical causes.

Human Verification:
- Maintenance lead must verify if the ""changes"" column in the operational logs corresponds to documented product changeover events.
- An operator should confirm whether the high idle times are due to upstream material starvation or downstream congestion."
